vendorCode,flavorName,atfAverage
BF,Blossom Honey,0.75%
BF,Caramel,0.58%
BF,Chocolate Truffle,0.72%
BF,Cocoa Bean,0.70%
BF,Coffee Mocha,0.34%
BF,Cream Charlotte,0.74%
BF,Eucalyptus,0.38%
BF,Irish Cream,0.56%
BF,Klondike Tobacco,0.98%
BF,Mandarin,0.50%
BF,Mango Mix,0.63%
BF,Multi Cereal,1.00%
BF,Pineapple,0.60%
BF,Strawberry fresh,1.00%
BF,Strong Orange,0.88%
BF,Sweet Orange,0.75%
BF,Sweet Vanilla,1.02%
BF,Vanilla Classic,1.00%
BF,Vanilla Sponge Cake,0.51%
BF,Wild Berries,1.00%
CAP,Crispy Bacon,0.25%
CAP,Crispy Bacon,0.25%
CAP,Espresso,1.00%
CAP,Golden Butter,0.78%
CAP,Golden Butter,0.78%
CAP,Honey,0.86%
CAP,Hot Cinnamon Candy,0.36%
CAP,Hot Cinnamon Candy,0.36%
CAP,Maple (pancake) Syrup,0.86%
CAP,Maple (pancake) Syrup,0.92%
CAP,Rhubarb,0.50%
CAP,Super Sweet,0.57%
CC,Brazilian Orange,0.50%
CC,Coconut,1.00%
CC,English Trifle,0.13%
CC,Milkshake,0.50%
CC,Mince Pie,0.50%
CHF,Clear Storm Extra (CVC),1.00%
DF,Banana,0.90%
DF,Cinnamon Fireball,1.00%
DF,Cinnamon Fish,1.00%
DF,Dulce De Leche,0.50%
DF,German Chocolate,0.50%
DF,Grape,0.50%
DF,Horchata,1.00%
DF,Malted Milk,0.50%
DF,Mega Sweet,0.89%
DF,Sweet - Vanillin,0.88%
DF,Toasted Marshmallow,0.79%
DFS,AR Green Guava (PG),0.83%
DFS,AR Peanut (PG),0.63%
DFS,AR Raspberry (PG),0.25%
DFS,BlueBerry,1.00%
DFS,Butterscotch,1.00%
DFS,Cafe Latte,0.88%
DFS,Clear Black Cherry,0.40%
DFS,Cocoa,1.00%
DFS,Sour Powder,1.00%
DFS,Spearmint,0.10%
DKS,Burley,1.00%
DKS,Lampone,0.75%
DV,Blueberry,0.50%
DV,Candyfloss,1.00%
DV,Menthol,1.00%
EJM,RY S'mores ,0.38%
EUR,Amarena Cherry,0.75%
EUR,Green Mango,0.50%
EUR,Sweet Strawberry,0.25%
EUR,Sweet Watermelon,0.25%
FA,Anise,0.95%
FA,Anise,0.98%
FA,Aurora,0.67%
FA,Aurora,0.69%
FA,Barley Malt,0.47%
FA,Barley Malt,0.47%
FA,Bell Pepper,0.60%
FA,Bell Pepper,0.60%
FA,Bergamot,0.70%
FA,Bergamot,0.71%
FA,Bilberry,0.80%
FA,Bilberry,0.80%
FA,Bitter Wizard,0.66%
FA,Bitter Wizard,0.67%
FA,Black Fire,0.83%
FA,Black Fire,1.03%
FA,Bone Marrow,0.20%
FA,Bone Marrow,0.20%
FA,Booster (tiramisu),0.84%
FA,Booster (tiramisu),0.85%
FA,Bread Crust,0.53%
FA,Bread Crust,0.78%
FA,Butter,0.60%
FA,Butter,0.60%
FA,Cardamom,0.40%
FA,Cardamom,0.40%
FA,Cherryl (cherry, Black),0.98%
FA,Cherryl (cherry, Black),0.99%
FA,Chestnut,0.62%
FA,Chestnut,0.62%
FA,Chilly Hot Oil Soluble,0.10%
FA,Chilly Hot Oil Soluble,0.10%
FA,Cinnamon Ceylon,0.67%
FA,Cinnamon Ceylon,0.67%
FA,Clove,0.80%
FA,Clove,0.86%
FA,Cocoa,0.92%
FA,Cocoa,0.95%
FA,Dark Bean (coffee Espresso),0.82%
FA,Dark Bean (coffee Espresso),0.83%
FA,Ham Cooked,0.50%
FA,Ham Cooked,0.50%
FA,Hazel Grove (hazelnut),0.71%
FA,Hazel Grove (hazelnut),0.72%
FA,Honey,0.52%
FA,Honey,0.53%
FA,Jammy/Candy Wizard,0.64%
FA,Joy,0.78%
FA,Joy,0.79%
FA,Latakia,0.87%
FA,Latakia,0.92%
FA,Lemon Zest,0.51%
FA,Liquid Amber,0.60%
FA,Liquid Amber,0.60%
FA,Madagascar (Vanilla Classic),0.97%
FA,Madagascar (Vanilla Classic),1.01%
FA,Maple Syrup,1.05%
FA,Marzipan,0.88%
FA,Marzipan,0.91%
FA,Milk Condensed,0.82%
FA,Milk Condensed,0.90%
FA,Mts Vape Wizard,0.41%
FA,Mts Vape Wizard,0.41%
FA,Mustard Water Soluble,1.00%
FA,Mustard Water Soluble,1.00%
FA,Neroli Oil Soluble,0.42%
FA,Neroli Oil Soluble,0.42%
FA,Nonna's Cake,0.96%
FA,Nut Mix,0.68%
FA,Nut Mix,0.72%
FA,Oak Wood,1.01%
FA,Oak Wood,1.04%
FA,Ozone,0.81%
FA,Ozone,0.85%
FA,Pepper Black,0.56%
FA,Pepper Black,0.61%
FA,Pernoir,0.30%
FA,Polar Blast,0.81%
FA,Red Bean,0.34%
FA,Reggae Night,0.60%
FA,Reggae Night,0.60%
FA,Saffron,0.35%
FA,Saffron,0.35%
FA,Sour Wizard,0.93%
FA,Summer Clouds,1.00%
FA,Summer Clouds,1.00%
FA,That's Nice Anise,0.33%
FA,Thyme Oil Soluble,0.50%
FA,Torrone,0.62%
FA,Torrone,0.63%
FA,Truffle White,0.75%
FA,Truffle White,0.75%
FA,Walnut,0.91%
FA,Walnut,0.92%
FA,Xtra Mint,0.51%
FA,Ylang Ylang,0.95%
FA,Ylang Ylang,0.97%
FA,Zen Garden,0.59%
FA,Zen Garden,0.59%
FA,oRYental4,0.40%
FA,Über Menthol,1.00%
FE,Blended Tobacco,0.50%
FE,Cherry,0.75%
FE,Coconut,0.69%
FE,Cream,0.76%
FE,DHill,0.50%
FE,Goji Berry,0.90%
FE,Green Tea,0.99%
FE,Lychee,0.88%
FE,Mile Seven,0.40%
FE,Spearmint,0.35%
FE,Sun Seeds,0.16%
FE,Taro,0.79%
FE,Tobacco Absolute,0.64%
FE,Tobacco Additive,0.66%
FE,Tobacco,0.97%
FE,Virginia,0.75%
FLV,Alpine Strawberry,1.03%
FLV,Apple Pop,0.94%
FLV,Arabian Tobacco,0.58%
FLV,Back Bar Bitters,0.69%
FLV,Banana,1.02%
FLV,Banana,1.03%
FLV,Basil,0.40%
FLV,Beer Nuts,0.36%
FLV,Biscotti,0.66%
FLV,Black Cherry,1.03%
FLV,Black Cherry,1.03%
FLV,Black tea,0.94%
FLV,Bourbon,0.93%
FLV,Brie Cheese,0.42%
FLV,Brut Bubble Wine,1.04%
FLV,Candy Roll,1.02%
FLV,Caramel,0.93%
FLV,Caramel,0.94%
FLV,Cherry Blossom,0.66%
FLV,Cherry Filling,0.98%
FLV,Chocolate Deutsch,1.04%
FLV,Classic Cigarette,0.84%
FLV,Clove,0.39%
FLV,Clove,0.42%
FLV,Coconut,0.41%
FLV,Coconut,0.41%
FLV,Coffee,0.68%
FLV,Coffee,0.70%
FLV,Connecticut Shade,0.66%
FLV,Cool Menthol,0.98%
FLV,Cool Menthol,1.04%
FLV,Donuts,0.78%
FLV,Dragon Fruit,0.93%
FLV,Elderflower,0.84%
FLV,Fig,0.77%
FLV,Fire Cinnamon,0.63%
FLV,Fried Dough,0.40%
FLV,Ginger Peach,0.97%
FLV,Ginger,0.77%
FLV,Granola,0.89%
FLV,Hazelnut,0.35%
FLV,Heat,0.57%
FLV,Hibiscus,0.49%
FLV,Honey Bee,0.43%
FLV,Ice,0.56%
FLV,Irish Cream,0.86%
FLV,Jammy Berry,0.84%
FLV,Kentucky Blend,0.92%
FLV,Kinako soy,0.89%
FLV,Kiwi,0.96%
FLV,Lemon Grass,0.35%
FLV,Lemon,0.70%
FLV,Lime Wedge,0.74%
FLV,Lime,0.67%
FLV,Lime,0.69%
FLV,Lovage Root,0.34%
FLV,Lychee,0.92%
FLV,Lychee,0.94%
FLV,Marshmallow Treat,0.88%
FLV,Marshmallow,0.88%
FLV,Melon Rind,0.49%
FLV,Milk Chocolate,0.64%
FLV,Milk,0.78%
FLV,Mocha,0.93%
FLV,Mocha,0.94%
FLV,Nectarine,1.03%
FLV,Oak Barrel,1.00%
FLV,Oatmeal Raisin,0.82%
FLV,Oriental Tobacco,0.99%
FLV,Papaya Punch,0.89%
FLV,Pastry Zest,1.01%
FLV,Pear,0.72%
FLV,Peppermint,0.94%
FLV,Persimmon Spice,0.22%
FLV,Persimmon,0.82%
FLV,Pink Guava,0.93%
FLV,Pink Guava,0.96%
FLV,Popcorn,0.90%
FLV,Praline,0.81%
FLV,Pucker,0.58%
FLV,Pumpkin Bread,1.00%
FLV,Pumpkin Spice,0.77%
FLV,Rainier Cherry,1.01%
FLV,Raisin Rum,0.75%
FLV,Red Cinnamon,0.45%
FLV,Red Raspberry,0.96%
FLV,Rich Cinnamon,0.29%
FLV,Rich Cinnamon,0.30%
FLV,Smoked Butterscotch,0.88%
FLV,Smooth Vanilla,0.31%
FLV,Starch Base,0.58%
FLV,Sugar Orchid,0.64%
FLV,Sun Cookie,1.00%
FLV,Sweet Cream,0.96%
FLV,Sweet Dough,0.62%
FLV,Sweet Fig,0.64%
FLV,Sweetness,0.55%
FLV,Tangerine,1.03%
FLV,Tequila Agave,0.93%
FLV,Thai Chai,0.86%
FLV,Toffee,1.00%
FLV,Vanilla Bean,0.89%
FLV,Waffle,0.88%
FLV,Wheat,0.49%
FLV,Whipped Cream,0.93%
FLV,Wood Spice,0.52%
FM,Caramel,0.50%
FM,Cinnamon,1.00%
FM,Drop,1.00%
FM,PG Free Biscuit,0.50%
FM,Pineapple,1.00%
FM,Pure Gin,0.75%
FP,Cafe Caramel,0.40%
FP,Cinnabun,0.40%
FP,Creamy Vanilla,1.00%
FP,Graham Cracker,1.00%
FR,Graham Cracker,0.20%
FR,Green Apple Candy,1.00%
FR,Sweet Cream,1.00%
FW,Apricot,0.97%
FW,Buttered Popcorn,0.96%
FW,Cherry Balsam Tobacco,0.25%
FW,Chocolate Wafer Bar,1.00%
FW,Creamberry,0.10%
FW,Dark Chocolate,0.22%
FW,English Toffee,0.20%
FW,Ginger,0.57%
FW,Hazelnut,1.03%
FW,Malt,0.61%
FW,Pecan,0.81%
FW,Raspberry (natural),0.88%
FW,Red Wine,0.50%
FW,Rocky Road,0.80%
FW,Sunrise Tobacco,0.20%
FW,Sweetener (sucralose),0.82%
FW,Sweetener,0.94%
FW,Tiki Roar,1.00%
FW,Tiramisu,0.35%
FW,Toasted Almond,0.51%
FW,Virginia Fire Cured,1.00%
FW,White Peach,0.87%
FW,Wintergreen,1.04%
GF,Anis,0.63%
GF,B&B Lemontine,1.00%
GF,B&B Vanilla,1.00%
GF,Burley,0.63%
GF,Coconut,1.00%
GF,Energy,1.00%
GF,Feiger Kaktus,0.80%
GF,Haselnuss Waffel,0.75%
GF,Kakao,1.00%
GF,Marzipan,0.50%
GF,Milk Chocolate,0.50%
GF,Pfefferminze,0.90%
GF,Walderdbeere,1.00%
GF,Zitrone,0.50%
GL,Sweet Cream,0.67%
HC,Bubble Gum,0.80%
HC,Butter Cream,0.50%
HC,Butter,0.25%
HC,Egg Roll,0.97%
HC,Egg,0.42%
HC,Espresso Coffee,0.41%
HC,French Vanilla,1.00%
HC,Graham,0.50%
HC,Honey,0.25%
HC,Litchi,1.00%
HC,Milk Tea,0.80%
HC,Raspberry,0.31%
HLQ,Black Tea,0.06%
HLQ,Jade Tea,0.75%
HLQ,Strawberry,1.00%
HS,Apple,0.63%
HS,Butterscotch,1.00%
HS,Caramel,0.98%
HS,Cheesecake,0.67%
HS,Cool,0.20%
HS,Cream,0.87%
HS,Flue Cure,0.92%
HS,French Vanilla Icecream,0.98%
HS,Fruit Mix,0.75%
HS,Green Orange,0.95%
HS,Ice Cream,0.66%
HS,Juicy Peach,1.03%
HS,Reno,1.00%
HS,Vanilla,0.92%
INW,7 Leaves,0.92%
INW,7 Wolve3s,1.00%
INW,Almond,0.78%
INW,Almond,0.78%
INW,Arabic Tobacco,0.82%
INW,Arabic Tobacco,0.82%
INW,Biscuit,0.93%
INW,Biscuit,0.93%
INW,Black Sun Tea,0.75%
INW,Black Sun Tea,0.75%
INW,Brandy,0.37%
INW,Brandy,0.37%
INW,Cactus - Lime,0.92%
INW,Cactus,0.83%
INW,Cactus,0.85%
INW,Canadian Type,0.20%
INW,Caramel,0.99%
INW,Caramel,1.01%
INW,Cherries In Liqueur,0.81%
INW,Cherry Liqueur,0.35%
INW,Cherry Liqueur,0.35%
INW,Chocolate,0.32%
INW,Chocolate,0.62%
INW,Classic Smooth Leaf,0.53%
INW,Clove,0.30%
INW,Clove,0.30%
INW,Cloves,0.25%
INW,Cloves,0.25%
INW,Coffee (yc),0.63%
INW,Coffee (yc),0.63%
INW,Desert Ship,0.70%
INW,Desert Ship,0.70%
INW,Dry Coctail,0.28%
INW,Dry Coctail,0.28%
INW,Eggnog (yc),0.67%
INW,Eggnog (yc),0.67%
INW,Elderflower,0.94%
INW,Elderflower,0.94%
INW,Espresso,0.10%
INW,Espresso,0.10%
INW,Eucalyptus With Mint,1.02%
INW,Exotic Roots,0.75%
INW,Exotic Roots,0.78%
INW,Fresh Mint,0.51%
INW,Fresh Mint,0.51%
INW,Frost,0.63%
INW,Frost,0.63%
INW,Green Tea,0.15%
INW,Green Tea,0.15%
INW,Harshnesess Reducer Sharp Taste,0.50%
INW,Honey,1.02%
INW,Lemon Mix,0.63%
INW,Lemon Mix,0.64%
INW,Lime,0.68%
INW,Lime,0.69%
INW,M.i.l.d Tobacco,1.00%
INW,M.i.l.d Tobacco,1.00%
INW,Marula,0.52%
INW,Marzipan (yc),0.61%
INW,Marzipan (yc),0.64%
INW,Marzipan,0.56%
INW,Mint,0.68%
INW,Mint,0.68%
INW,Mix Mint,0.72%
INW,Mix Mint,0.92%
INW,Natural Mint,0.71%
INW,Natural Mint,0.73%
INW,Nugat,0.87%
INW,Nugat,0.87%
INW,Pair of Pears,0.67%
INW,Peanuts,1.01%
INW,Peanuts,1.01%
INW,Pear In The Chocolate,0.60%
INW,Pepper Mint,0.50%
INW,Perique Black,0.60%
INW,Perique Black,0.60%
INW,Plum,1.01%
INW,Plum,1.03%
INW,Prickly Pear,0.63%
INW,Raspberry,0.86%
INW,Raspberry,0.87%
INW,Raspberry-blackberry,0.88%
INW,Rhubarb (yc),0.58%
INW,Rhubarb (yc),0.58%
INW,Sahara,0.35%
INW,Sesame Sweets,0.85%
INW,Sesame,0.76%
INW,Shisha Banana,1.00%
INW,Shisha Banana,1.01%
INW,Shisha Chili & Hot Spice,0.65%
INW,Shisha Chili & Hot Spice,0.65%
INW,Shisha Chili,0.28%
INW,Shisha Chili,0.28%
INW,Shisha Cinnamon,0.62%
INW,Shisha Cinnamon,0.63%
INW,Shisha Coconut,0.82%
INW,Shisha Coconut,0.82%
INW,Shisha Fresh Mint,0.81%
INW,Shisha Fresh Mint,0.86%
INW,Shisha Orange,0.95%
INW,Shisha Orange,0.99%
INW,Shisha Peppermint,0.97%
INW,Shisha Punch,0.45%
INW,Shisha Punch,0.45%
INW,Shisha Rosemary,0.76%
INW,Shisha Rosemary,0.78%
INW,Smoked Plum,0.83%
INW,Smoked Plum,0.83%
INW,So Sour So Good,0.27%
INW,Summer Feelings,1.00%
INW,Sweet Cherry,0.75%
INW,Sweet Cherry,0.75%
INW,Sweet Sour,0.60%
INW,Sweet Sour,0.60%
INW,Tobacco 3 Five,0.43%
INW,Tobacco 3 Five,0.43%
INW,Tobacco Amaretto,0.63%
INW,Tobacco Amaretto,0.63%
INW,Tobacco Chocomint,1.00%
INW,Tobacco Chocomint,1.00%
INW,Tobacco Dark Fire,0.83%
INW,Tobacco Dark Fire,0.84%
INW,Tobacco Dirty Neutral (dnb),0.94%
INW,Tobacco Hot Spice,0.38%
INW,Tobacco Hot Spice,0.38%
INW,Tobacco Nangka,0.50%
INW,Tobacco Nangka,0.50%
INW,Tobacco Old Havana,0.56%
INW,Tobacco Old Havana,0.56%
INW,Tobacco Peanut,0.77%
INW,Tobacco Peanut,0.78%
INW,Tobacco Smoke & Prunes,0.69%
INW,Tobacco Smoke & Prunes,0.69%
INW,Tobacco Tuscan Garden,0.25%
INW,Tobacco Tuscan Garden,0.25%
INW,Tobacco Us Red Mix,0.44%
INW,Tobacco Us Red Mix,1.00%
INW,Vanilla Classic,0.69%
INW,Vanilla,0.95%
INW,Vanilla,0.97%
INW,Vanilly Bourbon,0.72%
INW,Vanilly Bourbon,0.72%
INW,Waffle (yc),0.89%
INW,Waffle (yc),0.92%
INW,Walnut,0.63%
INW,Walnut,0.63%
INW,Whisky,0.50%
INW,Whisky,0.50%
INW,White Grapefruit,0.83%
INW,White Grapefruit,0.89%
INW,Zwei Peanuts,0.50%
JF,American Blend Tobacco,1.00%
JF,Cookie Butter,0.89%
JF,Hazelnut,0.74%
JF,Lemon Juicy,0.87%
JF,Lemon,1.01%
JF,Mint,0.88%
JF,Spearmint,0.75%
JF,Sweetener,0.76%
JF,Vanilla,1.00%
LA,Anise Oil Natural,1.00%
LA,Butter,0.69%
LA,Buttered Popcorn,0.56%
LA,Cherry,0.49%
LA,Chocolate Hazelnut,1.00%
LA,Cinnamon Oil,0.50%
LA,English Toffee,0.32%
LA,Honey,1.00%
LA,Maple,0.80%
LA,Pina Colada,0.77%
LA,Pumpkin,0.31%
LA,Tart and Sour,0.53%
LOP,Tabaccoso Robusto,1.00%
MB,Acetyl Pyrazine AP-50,0.68%
MB,Anise Star,0.40%
MB,Cider Apple Mint,1.00%
MB,Crunchy Cereal,1.00%
MB,Ice Mint,0.63%
MB,Nut Hazelnut,0.20%
MB,RY-4,1.00%
MB,Sweet Liquorice,0.75%
MB,Trimethyl Pyrazine TP-100,0.50%
MB,Vanillin V-100,0.50%
MF,Cherry, White,0.89%
MF,Fig,0.05%
MF,Grape, Sauvignon Blanc,0.10%
MF,Guava,1.00%
MF,Honey, Wildflower,0.75%
MF,Jasmine,0.93%
MF,Lime,0.27%
MF,Mint,1.00%
MF,Rum,0.90%
MF,Walnut,0.46%
MF,Wild Raspberry,0.53%
MFS,Kiwi Strawberry,0.20%
MFS,Tobacco Absolute,0.33%
MPV,American Blend Menthol,0.50%
MPV,Apple Pie,0.80%
MPV,Go Nutz!,0.88%
MPV,RYO,1.00%
NF,Allspice,0.33%
NF,Apple Flavor,1.00%
NF,Brown Sugar,0.67%
NF,Earl Grey,1.00%
NF,Ginger Ale,1.00%
NF,Ginger,0.56%
NF,Gooseberry,1.00%
NF,Graham Cracker,0.40%
NF,Grape,1.00%
NF,Honey,0.50%
NF,Horseradish,0.10%
NF,Lemongrass,0.10%
NF,Malt,0.85%
NF,Nutmeg,0.15%
NF,Vanilla Butter Nut,1.00%
NN,Ascorbic acid (1% VG),1.00%
NN,Citric Acid Solutions (5% VG),0.87%
NN,En Fuego,0.65%
NN,Ethyl Maltol Solutions (10% PG),1.03%
NN,Ethyl Maltol Solutions (15% EtOH),0.90%
NN,Honey Tobacco,0.98%
NN,Malic Acid Solutions (10% PG),0.95%
NN,Mango,0.75%
NN,Stevia Solutions (10% PG),0.88%
NN,Sucralose Solutions (10% PG),0.71%
NN,Sucralose Solutions (15% EtOH),0.50%
NN,Sucralose Solutions (5% VG),0.87%
NN,Tartaric Acid Solutions (5%),0.40%
NN,Tobacco,0.81%
NR,Boysenberry Pie,0.65%
NR,Caramel,0.50%
NR,Dragon Fruit,0.88%
NR,Gummy Candy,1.00%
NR,Jelly Candy,1.00%
NR,Meringue,0.98%
NR,Super Sweet,0.67%
NR,Tobacco Original,0.75%
NR,Waffle Crunch,0.20%
NTE,Concentrated Liquid Sucralose,0.50%
OOO,Acetyl Pyrazine (PG),0.78%
OOO,Acetyl Pyrazine (VG),0.10%
OOO,Apple (Red),1.00%
OOO,Basil,0.50%
OOO,Burnt Sugar,1.04%
OOO,Carribean Coconut,1.00%
OOO,Chili,1.00%
OOO,Coconut Cream Pie,0.80%
OOO,Coconut Toasted,1.00%
OOO,Cream - OOO Blend I,1.00%
OOO,Cream de la Crème,1.00%
OOO,Dark Chocolate Candy Roll,0.75%
OOO,Dulce de Leche,0.40%
OOO,Ethyl Maltol PG,0.43%
OOO,Ethyl Maltol VG,0.50%
OOO,Ginger Pumpkin Spice Latte,0.50%
OOO,Honey,0.10%
OOO,Lime Sorbet,1.00%
OOO,Mango (Ripe),1.00%
OOO,Maple Syrup,1.00%
OOO,Marshmallow Cereal VG,0.40%
OOO,Menthol,1.00%
OOO,Orange Sherbet,1.00%
OOO,Peach (Sweet),1.00%
OOO,Peach Ripe,1.00%
OOO,Pineapple Orange Banana Sorbet,0.25%
OOO,Pistachio Pudding,0.75%
OOO,Real Honey,0.50%
OOO,Red Sour Cherry,0.50%
OOO,Root Beer Float,0.25%
OOO,Squirts Soda,1.00%
OOO,Sucralose 15% PG,0.43%
OOO,Sweet Dates,0.27%
OOO,Sweet Ice Cream,0.70%
OOO,Sweetener,0.75%
OOO,Vanilla Butter,1.00%
OOO,Watermelon Candy,0.50%
OOO,West Wing Tobacco (PG),0.30%
OOO,Whipped Cream,0.93%
OSD,Tennessee Whiskey,0.20%
OTHR,Acetyl Pyrazine 5%,0.66%
OTHR,Cinnamon Sugar Daddy (TBV Rick),0.86%
OTHR,Citric Acid 10%,0.76%
OTHR,Ethyl Maltol 10%,1.02%
OTHR,Saline (0.9%),0.86%
OTHR,WS-23,0.92%
PUR,Candy Cake,1.00%
PUR,Citrus Menthol,0.91%
PUR,Fresh Coconut,1.01%
PUR,Lemon Sicilian,0.85%
PUR,Super Sweet,0.54%
RF,Almond,0.50%
RF,Baked Bread – SC,0.58%
RF,Baked Bread,0.99%
RF,Black Raspberry – Super Concentrate,0.75%
RF,Blood Orange - PDO,0.30%
RF,Blueberry – Super Concentrate,0.80%
RF,Brandy,1.00%
RF,Brown Sugar – SC,0.25%
RF,Brown Sugar,0.64%
RF,Bubblegum – SC,1.00%
RF,Caramel – SC,1.02%
RF,Cheesecake – SC,0.50%
RF,Chocolate Cake,0.50%
RF,Cinnamon Roll – Super Concentrate,1.00%
RF,Cinnamon Toast – SC,0.67%
RF,Coconut Cream Pie – Super Concentrate,1.00%
RF,Condensed Milk – SC,0.88%
RF,Cream Cheese – SC,0.38%
RF,Cream – SC,0.67%
RF,Creme Brulee - SC ,1.00%
RF,Cucumber,0.02%
RF,Eggnog,0.75%
RF,French Toast 2 – Super Concentrate,1.00%
RF,Fried Chicken – SC,1.02%
RF,Ginger Ale – SC,1.00%
RF,Honey – SC,0.67%
RF,Kiwi,0.83%
RF,Lemon Cake,0.20%
RF,Lime – SC,1.00%
RF,MTN Juice – SC,1.00%
RF,Malic Acid,0.90%
RF,Marshmallow – SC,0.75%
RF,Meringue – SC,0.67%
RF,Meringue – Super Concentrate,1.00%
RF,Meringue,1.02%
RF,Molasses – SC,0.85%
RF,Nutmeg – SC,0.48%
RF,Pear – Super Concentrate,0.50%
RF,Pumpkin Pie – Super Concentrate,0.20%
RF,Red Candy – Burst Type,1.00%
RF,Rice Crispy Treat – Super Concentrate,1.00%
RF,Root Beer,1.00%
RF,Rose – Super Concentrate,1.00%
RF,Souffle – SC,1.00%
RF,Spearmint,0.20%
RF,Sriracha – Super Concentrate,0.10%
RF,Tropical Punch – Super Concentrate,1.00%
RF,Tropical Punch,1.00%
SA,BASILIC Naturel,1.00%
SA,CLOU DE GIROFLE,1.00%
SA,Cigarillos,1.00%
SA,Concombre,1.00%
SA,ETHYL VANILLINE SOLUTION A 20%,0.50%
SA,ETHYLGUAIACOL - SMOKY,0.11%
SA,Furaneol caramélique,0.40%
SA,GAUFRE,0.10%
SA,Jacynthe,0.20%
SA,Myrte,0.68%
SA,Nuage Mystic,0.30%
SA,Orange amère,1.00%
SA,Pain Grillé,0.67%
SA,YUZU,1.00%
SA,coquelicot,1.00%
SA,pamplemousse rose floride,0.20%
SC,Arabic Tobacco,0.50%
SC,Caramel Mocha,1.00%
SC,Cherry (Original),1.00%
SC,Espresso,0.94%
SC,Hazelnut,1.00%
SC,Lemon,0.94%
SC,Lemonade,0.25%
SC,Melon,1.00%
SC,Old Captain,1.00%
SC,Peach,1.00%
SC,Pina Colada,0.50%
SC,RY4,1.00%
SC,USA Mix,0.57%
SC,Western Tobacco,0.50%
SC,Whisky,0.20%
SCE,Coffee Espresso,0.70%
SI,Black Tea,0.30%
SI,Cranberry Crush,1.00%
SI,Hot Chocolate,0.30%
SI,Lavender,0.30%
SI,Smoothie,0.50%
SM,Dark Fire,0.67%
TBV,Rick's Cinnamon Sugar Daddy,1.00%
TBV,Rick's Vanilla Sugar Daddy,0.95%
TPA,Absinthe (no Pg),1.00%
TPA,Absinthe (no Pg),1.00%
TPA,Acetyl Pyrazine 5%,0.62%
TPA,Bitter Nut Extra,0.10%
TPA,Brown Sugar,0.86%
TPA,Brown Sugar,0.87%
TPA,Butter,0.69%
TPA,Butter,0.69%
TPA,Caramel Cappuccino,0.92%
TPA,Cinnamon (no Pg),0.50%
TPA,Cinnamon (no Pg),0.50%
TPA,Cinnamon Red Hot (no Pg),0.96%
TPA,Cinnamon Red Hot (no Pg),0.96%
TPA,Cinnamon Spice,0.53%
TPA,Cinnamon Spice,0.56%
TPA,DX Brown Sugar,0.74%
TPA,Damascone Beta,0.50%
TPA,Ethyl Maltol,0.96%
TPA,Fruity Stick Gum,1.00%
TPA,Gingerbread Extra Ginger,0.50%
TPA,Hickory Smoke,0.36%
TPA,Hickory Smoke,0.36%
TPA,Holiday Spice,0.54%
TPA,Holiday Spice,0.55%
TPA,Huckleberry,1.03%
TPA,Huckleberry,1.04%
TPA,Koolada 10 Pg,0.94%
TPA,Koolada 10 Pg,0.94%
TPA,Lime (essential Oil),0.50%
TPA,Lime (essential Oil),0.50%
TPA,Quince,1.02%
TPA,Red Oak,0.87%
TPA,Red Oak,0.96%
TPA,Smooth,0.68%
TPA,Smooth,0.68%
TPA,Spearmint,1.00%
TPA,Sweet Woodruff,0.72%
TPA,Tiramisu,0.69%
TPA,Tiramisu,0.70%
TPA,Vanillin 10% (pg),1.00%
TS,Blackberry,0.50%
TS,Buttery Popcorn,1.00%
TS,Cookie Dough,0.77%
TS,Creamy Vanilla,0.63%
TS,Fresh Menthol,0.60%
TS,Graham Cracker,0.65%
TS,Honey Milk,0.63%
TS,Kapn Krunch,0.30%
TS,Melon Madness,0.40%
TS,Oatmeal Cookie,0.38%
TS,Sour Pucker,0.70%
TS,Sugar Cookie,0.83%
TS,Sweet Tart,0.50%
TS,Vicious Vanillin,0.20%
TS,White Cake,0.35%
TS,Yogurt,0.50%
TW,Chocolate (GS),0.75%
TW,Gooseberry (GS),0.25%
TW,Menthol,1.00%
TW,Mixed Fruit (GS),0.80%
TW,Retro: Purple Violets (GS),1.00%
VT,Arabica Coffee,0.79%
VT,Bakery Spice Blend,0.18%
VT,Bergamot,0.69%
VT,Bitters,0.64%
VT,Butter Base,0.73%
VT,Butter Toffee Base,1.03%
VT,Caffè Latte,0.65%
VT,Cardamom,0.50%
VT,Chai Masala,0.72%
VT,Coconut,0.80%
VT,Double Mint,0.47%
VT,Fairy Floss,0.95%
VT,Gold Rum,0.95%
VT,Grape,1.00%
VT,Grapefruit,0.71%
VT,Green Mango,0.57%
VT,Hard Crack Toffee,0.53%
VT,Ice Coffee,0.81%
VT,Ice Mango,0.75%
VT,Lavender Sweet,0.75%
VT,Milkshake Base,0.83%
VT,Paw Paw,1.00%
VT,Pear Halves,0.98%
VT,Pomegranate,1.00%
VT,Red Bean,0.57%
VT,Rose,0.50%
VT,Scorched Caramel,1.00%
VT,Scotch Whiskey,1.02%
VT,Snake Fruit,0.75%
VT,Sugar Cane,0.86%
VT,Swiss Chocolate,0.68%
VT,VTA Acetyl Pyrazine 6%,1.00%
VV,Black Ice,0.77%
VV,Bubblegum,0.75%
VZ,Peanut Butter,0.19%
VZ,SC Gourmet Banana,1.01%
VZ,SC Gourmet Coffee Liqueur,0.75%
VZ,SC Gourmet Strawberry Flavoring,0.63%
WF,Brazilian Coffee SC,0.69%
WF,Cocoa SC,0.96%
WF,Double Mint SC,0.90%
WF,Honey Roasted Peanuts SC,0.90%
WF,Milk SC,0.70%
WF,Molasses SC,0.90%
WF,Sesame Candy SC,0.70%
WF,Soursop SC,0.79%
WF,Sweetener SC,0.74%
